Publisher,Year,Global_Sales
Nintendo,2006.0,205.60999999999999
Nintendo,2009.0,128.89000000000001
Nintendo,2005.0,127.47
Nintendo,2007.0,104.17999999999999
Nintendo,2008.0,91.22
Electronic Arts,2009.0,86.2
Electronic Arts,2008.0,84.12
Electronic Arts,2010.0,81.38
Activision,2009.0,78.06
Nintendo,1996.0,73.7
Electronic Arts,2002.0,73.01
Electronic Arts,2011.0,72.25
Electronic Arts,2007.0,71.33
Electronic Arts,2003.0,69.83
Activision,2008.0,67.41
Electronic Arts,2004.0,67.33
Electronic Arts,2005.0,67.01
Nintendo,1999.0,65.33
Nintendo,1989.0,63.88
Activision,2007.0,63.57
Activision,2010.0,63.39
Nintendo,2010.0,61.07
Nintendo,2004.0,60.65
Electronic Arts,2006.0,58.410000000000004
Ubisoft,2008.0,57.44
Nintendo,2012.0,56.47
Activision,2012.0,53.25
Electronic Arts,2013.0,52.92
Nintendo,2013.0,52.79
Take-Two Interactive,2013.0,52.41
Activision,2011.0,51.74
Nintendo,2011.0,51.53
Nintendo,1985.0,49.95
Electronic Arts,2012.0,49.9
Microsoft Game Studios,2010.0,49.160000000000004
Nintendo,2014.0,48.65
Ubisoft,2007.0,48.6
Nintendo,1998.0,48.410000000000004
Nintendo,2002.0,48.31
Ubisoft,2011.0,48.03
Ubisoft,2009.0,47.01
Electronic Arts,2014.0,46.8
Take-Two Interactive,2008.0,46.18
Nintendo,1984.0,45.559999999999995
Electronic Arts,2015.0,45.42
Nintendo,2001.0,45.37
Electronic Arts,2001.0,45.12
Activision,2014.0,44.48
Sony Computer Entertainment,1997.0,43.9
Activision,2013.0,43.49
Sony Computer Entertainment,2001.0,43.29
Ubisoft,2010.0,42.62
Ubisoft,2014.0,41.95
Activision,2004.0,39.230000000000004
Nintendo,2003.0,38.14
Nintendo,1992.0,38.11
Sony Computer Entertainment,2007.0,37.54
Ubisoft,2012.0,37.31
Sega,2008.0,37.19
Sony Computer Entertainment,2009.0,36.53
Nintendo,1988.0,36.44
Sony Computer Entertainment,1999.0,36.24
Take-Two Interactive,2010.0,35.839999999999996
Activision,2015.0,35.63
Nintendo,1990.0,35.49
Activision,2005.0,35.39
Sony Computer Entertainment,2004.0,35.160000000000004
Sony Computer Entertainment,1996.0,35.07
Sony Computer Entertainment,2010.0,34.89
Sony Computer Entertainment,1998.0,34.64
Nintendo,2000.0,34.05
Sony Computer Entertainment,2006.0,33.81
THQ,2007.0,33.29
THQ,2009.0,30.83
THQ,2008.0,30.45
Take-Two Interactive,2014.0,30.26
Electronic Arts,1998.0,29.95
THQ,2003.0,29.38
THQ,2004.0,28.69
Konami Digital Entertainment,2008.0,27.82
Sony Computer Entertainment,2011.0,27.4
Ubisoft,2013.0,27.39
Nintendo,2015.0,27.080000000000002
THQ,2002.0,26.88
THQ,2011.0,26.76
Sony Computer Entertainment,2008.0,26.64
Sony Computer Entertainment,2005.0,26.38
Take-Two Interactive,2005.0,26.29
Microsoft Game Studios,2007.0,26.1
Activision,2002.0,25.94
Sony Computer Entertainment,2002.0,25.85
Nintendo,1997.0,25.8
Electronic Arts,2000.0,25.13
Bethesda Softworks,2011.0,25.09
Nintendo,1994.0,24.990000000000002
THQ,2006.0,24.94
Sega,2009.0,24.919999999999998
Sony Computer Entertainment,2003.0,24.32
Take-Two Interactive,2004.0,24.11
Sega,2007.0,23.69
Electronic Arts,1997.0,22.94
Sega,2010.0,22.89
THQ,2001.0,22.25
THQ,2005.0,22.23
THQ,2010.0,22.11
Disney Interactive Studios,2008.0,22.09
Namco Bandai Games,2011.0,22.08
Konami Digital Entertainment,2001.0,21.89
Warner Bros. Interactive Entertainment,2015.0,21.740000000000002
Sony Computer Entertainment,2000.0,21.69
Take-Two Interactive,2012.0,21.58
Activision,2003.0,21.38
Microsoft Game Studios,2011.0,21.28
Atari,2002.0,21.25
Take-Two Interactive,2006.0,20.59
Disney Interactive Studios,2010.0,20.5
Take-Two Interactive,2001.0,20.43
Warner Bros. Interactive Entertainment,2013.0,20.36
Take-Two Interactive,2002.0,20.29
Konami Digital Entertainment,2004.0,20.2
Electronic Arts,1999.0,20.15
Nintendo,1993.0,20.04
Warner Bros. Interactive Entertainment,2011.0,20.04
Take-Two Interactive,2007.0,19.81
Capcom,2009.0,19.470000000000002
Atari,1982.0,19.43
Take-Two Interactive,2009.0,19.11
Sony Computer Entertainment,2014.0,19.02
LucasArts,2007.0,18.7
Activision,2001.0,18.59
Konami Digital Entertainment,2010.0,18.55
Sony Computer Entertainment,1995.0,18.45
Warner Bros. Interactive Entertainment,2014.0,18.42
Take-Two Interactive,2011.0,18.03
Square Enix,2010.0,17.44
Activision,2006.0,17.4
Ubisoft,2006.0,17.27
Konami Digital Entertainment,2007.0,17.21
Atari,2003.0,17.04
Ubisoft,2003.0,16.89
Disney Interactive Studios,2007.0,16.84
Sega,2011.0,16.79
Namco Bandai Games,2009.0,16.77
Nintendo,1995.0,16.72
Ubisoft,2005.0,16.49
Bethesda Softworks,2015.0,16.44
Namco Bandai Games,2010.0,16.41
Microsoft Game Studios,2013.0,16.39
Square Enix,2007.0,16.3
Ubisoft,2002.0,16.21
Nintendo,1986.0,16.18
Konami Digital Entertainment,2009.0,16.09
Nintendo,1991.0,15.97
Namco Bandai Games,2012.0,15.93
THQ,2000.0,15.86
Sega,2006.0,15.81
LucasArts,2008.0,15.79
Microsoft Game Studios,2009.0,15.61
Warner Bros. Interactive Entertainment,2010.0,15.57
Namco Bandai Games,2015.0,15.56
Vivendi Games,2003.0,15.43
Ubisoft,2004.0,15.4
Konami Digital Entertainment,1998.0,15.39
Microsoft Game Studios,2012.0,15.33
Microsoft Game Studios,2008.0,15.309999999999999
Konami Digital Entertainment,1999.0,15.26
Take-Two Interactive,2015.0,15.03
Konami Digital Entertainment,2005.0,14.92
Virgin Interactive,1996.0,14.83
Namco Bandai Games,2005.0,14.790000000000001
Capcom,2012.0,14.68
Konami Digital Entertainment,2006.0,14.6
Activision,2000.0,14.48
Capcom,2010.0,14.38
Warner Bros. Interactive Entertainment,2012.0,14.33
505 Games,2010.0,14.26
Warner Bros. Interactive Entertainment,2009.0,14.22
Konami Digital Entertainment,2003.0,13.97
Square Enix,2013.0,13.86
Acclaim Entertainment,1998.0,13.709999999999999
Microsoft Game Studios,2004.0,13.68
Eidos Interactive,1997.0,13.55
SquareSoft,1999.0,13.52
Microsoft Game Studios,2001.0,13.49
Square Enix,2006.0,13.43
Capcom,2008.0,13.32
Disney Interactive Studios,2009.0,13.290000000000001
Capcom,2005.0,13.27
THQ,1998.0,13.17
Disney Interactive Studios,2011.0,13.09
Namco Bandai Games,2002.0,12.98
Sony Computer Entertainment,2012.0,12.85
Ubisoft,2015.0,12.79
Sony Computer Entertainment,2013.0,12.61
Sega,2003.0,12.53
Square Enix,2011.0,12.459999999999999
Konami Digital Entertainment,2002.0,12.42
Capcom,1992.0,12.399999999999999
Sega,2002.0,12.3
Electronic Arts,2016.0,12.25
Nintendo,1987.0,11.95
Sega,2004.0,11.93
Warner Bros. Interactive Entertainment,2008.0,11.72
Namco Bandai Games,2006.0,11.7
Eidos Interactive,1999.0,11.64
Sega,2005.0,11.59
Atari,2004.0,11.55
Capcom,2006.0,11.4
Bethesda Softworks,2008.0,11.39
Atari,2007.0,11.370000000000001
Sony Computer Entertainment,2015.0,11.01
Nintendo,1983.0,10.96
Eidos Interactive,2009.0,10.91
Namco Bandai Games,2008.0,10.9
Square Enix,2009.0,10.83
Take-Two Interactive,2003.0,10.57
Sony Computer Entertainment Europe,2013.0,10.52
Namco Bandai Games,2003.0,10.46
505 Games,2007.0,10.43
Square Enix,2012.0,10.37
Square Enix,2014.0,10.35
Microsoft Game Studios,2014.0,10.31
Konami Digital Entertainment,2011.0,10.04
Square Enix,2008.0,10.03
Microsoft Game Studios,2006.0,9.98
Namco Bandai Games,2013.0,9.959999999999999
Microsoft Game Studios,2015.0,9.95
Capcom,2007.0,9.92
LucasArts,2005.0,9.87
Capcom,2002.0,9.85
Ubisoft,2016.0,9.76
Namco Bandai Games,2000.0,9.7
Acclaim Entertainment,2001.0,9.69
Namco Bandai Games,2014.0,9.64
Midway Games,2008.0,9.28
Sega,2012.0,9.23
Capcom,2003.0,9.13
Microsoft Game Studios,2003.0,8.92
Square Enix,2015.0,8.86
Universal Interactive,2002.0,8.75
Atari,2008.0,8.69
Bethesda Softworks,2014.0,8.68
Virgin Interactive,1998.0,8.67
Activision,1981.0,8.5
Konami Digital Entertainment,2000.0,8.47
Infogrames,2002.0,8.459999999999999
Atari,1981.0,8.45
Codemasters,2009.0,8.43
Bethesda Softworks,2010.0,8.41
Atari,2005.0,8.38
Atari,1980.0,8.36
Midway Games,2002.0,8.34
Midway Games,2004.0,8.22
Square Enix,2004.0,8.14
Midway Games,2007.0,8.1
Atari,2001.0,8.049999999999999
Eidos Interactive,2005.0,7.999999999999999
Sega,1992.0,7.98
Konami Digital Entertainment,2012.0,7.97
Capcom,2001.0,7.95
Sega,1995.0,7.93
Electronic Arts,1996.0,7.9
Namco Bandai Games,2001.0,7.88
Acclaim Entertainment,2002.0,7.75
LucasArts,2011.0,7.7299999999999995
Eidos Interactive,1998.0,7.68
Capcom,2013.0,7.63
Namco Bandai Games,2007.0,7.59
505 Games,2009.0,7.57
Activision,1999.0,7.569999999999999
989 Studios,1998.0,7.54
Activision,1998.0,7.54
Sega,1994.0,7.53
505 Games,2006.0,7.49
Capcom,2011.0,7.470000000000001
LucasArts,2006.0,7.4399999999999995
Disney Interactive Studios,2013.0,7.09
GT Interactive,1999.0,7.06
Microsoft Game Studios,2002.0,6.96
MTV Games,2009.0,6.95
Eidos Interactive,2002.0,6.88
Capcom,2004.0,6.86
Konami Digital Entertainment,2015.0,6.859999999999999
Virgin Interactive,1994.0,6.81
Vivendi Games,2004.0,6.76
Square Enix,2005.0,6.71
THQ,2012.0,6.7
SquareSoft,1998.0,6.69
SquareSoft,1997.0,6.680000000000001
Deep Silver,2011.0,6.640000000000001
MTV Games,2010.0,6.63
Sega,2001.0,6.6000000000000005
Sony Computer Entertainment Europe,2014.0,6.6
Sony Computer Entertainment,2016.0,6.5600000000000005
SquareSoft,2000.0,6.55
Eidos Interactive,2007.0,6.5
Namco Bandai Games,2016.0,6.49
GT Interactive,1997.0,6.41
Hasbro Interactive,1997.0,6.38
Namco Bandai Games,1997.0,6.34
D3Publisher,2007.0,6.31
Vivendi Games,2005.0,6.22
Eidos Interactive,2003.0,6.07
Take-Two Interactive,2000.0,6.03
Deep Silver,2013.0,6.03
Universal Interactive,2001.0,5.92
Eidos Interactive,1996.0,5.89
Namco Bandai Games,1998.0,5.86
GT Interactive,1998.0,5.78
Acclaim Entertainment,1994.0,5.74
Disney Interactive Studios,2006.0,5.74
GT Interactive,1996.0,5.71
Microsoft Game Studios,2005.0,5.6899999999999995
Capcom,2015.0,5.64
Sega,2014.0,5.64
Acclaim Entertainment,2000.0,5.59
Midway Games,1998.0,5.58
Tecmo Koei,2007.0,5.58
Codemasters,1998.0,5.58
Global Star,2004.0,5.53
Midway Games,2006.0,5.5
Namco Bandai Games,2004.0,5.49
Eidos Interactive,2008.0,5.48
Take-Two Interactive,1998.0,5.45
Namco Bandai Games,1993.0,5.38
Konami Digital Entertainment,2013.0,5.37
Enix Corporation,2000.0,5.359999999999999
Codemasters,2011.0,5.34
Vivendi Games,2008.0,5.33
Vivendi Games,2007.0,5.33
Capcom,1986.0,5.3
Namco Bandai Games,1986.0,5.28
989 Studios,1999.0,5.26
Sega,2013.0,5.26
Midway Games,2005.0,5.1899999999999995
Midway Games,2001.0,5.18
Microsoft Game Studios,1996.0,5.12
RedOctane,2006.0,5.12
SquareSoft,1995.0,5.1
MTV Games,2008.0,5.07
Konami Digital Entertainment,2014.0,5.0600000000000005
Konami Digital Entertainment,1986.0,4.99
Ubisoft,2001.0,4.99
Namco Bandai Games,1999.0,4.94
Bethesda Softworks,2012.0,4.9
Rising Star Games,2007.0,4.88
Capcom,1993.0,4.85
Imagic,1981.0,4.82
Atari,2000.0,4.8100000000000005
Unknown,2011.0,4.79
Ubisoft,2000.0,4.75
Arena Entertainment,1992.0,4.72
Acclaim Entertainment,2003.0,4.66
Hudson Soft,1986.0,4.66
Ubisoft,1999.0,4.61
Konami Digital Entertainment,1997.0,4.6
Sega,1998.0,4.59
Vivendi Games,2006.0,4.58
Virgin Interactive,2001.0,4.57
D3Publisher,2010.0,4.5600000000000005
Eidos Interactive,2000.0,4.56
Disney Interactive Studios,2005.0,4.55
Atari,2009.0,4.51
Midway Games,2003.0,4.51
Acclaim Entertainment,1997.0,4.49
Rising Star Games,2008.0,4.42
Eidos Interactive,2006.0,4.38
Sega,1999.0,4.36
Vivendi Games,2002.0,4.3500000000000005
Sega,1991.0,4.34
Atari,2006.0,4.33
Sega,1996.0,4.29
Disney Interactive Studios,2014.0,4.22
Activision,1995.0,4.21
Midway Games,2000.0,4.2
Tecmo Koei,2003.0,4.18
Palcom,1989.0,4.17
3DO,1999.0,4.140000000000001
Vivendi Games,1997.0,4.13
LucasArts,2009.0,4.09
Tecmo Koei,2008.0,4.08
LucasArts,2010.0,4.08
THQ,1999.0,4.01
Fox Interactive,1997.0,4.0
Vivendi Games,2001.0,3.94
LucasArts,2004.0,3.9299999999999997
Capcom,1990.0,3.92
Sega,2000.0,3.8800000000000003
Konami Digital Entertainment,1996.0,3.88
Enix Corporation,1988.0,3.87
Acclaim Entertainment,1999.0,3.83
D3Publisher,2009.0,3.81
Capcom,1998.0,3.74
SquareSoft,1994.0,3.7399999999999998
Activision,2016.0,3.67
Midway Games,1999.0,3.65
Tecmo Koei,2006.0,3.63
Square Enix,2016.0,3.5300000000000002
Warner Bros. Interactive Entertainment,2016.0,3.52
Namco Bandai Games,1996.0,3.49
Mindscape,2009.0,3.4899999999999998
TDK Mediactive,2002.0,3.48
Nippon Ichi Software,2013.0,3.47
Nintendo,2016.0,3.4699999999999998
Codemasters,2008.0,3.45
Sony Computer Entertainment,1994.0,3.43
Majesco Entertainment,2009.0,3.43
Namco Bandai Games,1984.0,3.4299999999999997
SquareSoft,1992.0,3.42
Atari,1983.0,3.39
Parker Bros.,1981.0,3.35
Majesco Entertainment,2011.0,3.33
Electronic Arts,1995.0,3.33
Enix Corporation,1995.0,3.32
ASCII Entertainment,1997.0,3.32
505 Games,2011.0,3.3000000000000003
Activision Value,2009.0,3.29
Tecmo Koei,2005.0,3.28
Capcom,1997.0,3.28
Disney Interactive Studios,2004.0,3.2600000000000002
Acclaim Entertainment,1996.0,3.23
Tecmo Koei,2011.0,3.21
Zoo Digital Publishing,2005.0,3.19
Hasbro Interactive,1998.0,3.18
Sony Computer Entertainment Europe,2001.0,3.17
Enix Corporation,1990.0,3.12
3DO,2000.0,3.08
Codemasters,2007.0,3.0700000000000003
Hudson Soft,1994.0,3.05
Tecmo Koei,2014.0,3.04
Ubisoft,1995.0,3.03
Activision,1980.0,3.02
Koch Media,2008.0,3.01
Atlus,2012.0,3.01
SquareSoft,1993.0,3.0
Eidos Interactive,2004.0,3.0
LucasArts,1999.0,2.95
Capcom,1988.0,2.94
Universal Interactive,2003.0,2.93
Zoo Digital Publishing,2004.0,2.92
Enix Corporation,2001.0,2.91
Deep Silver,2008.0,2.91
Take-Two Interactive,2016.0,2.89
Mojang,2015.0,2.89
BAM! Entertainment,2002.0,2.88
ASCII Entertainment,1996.0,2.87
Valve Software,2011.0,2.8600000000000003
Disney Interactive Studios,2012.0,2.84
Rising Star Games,2009.0,2.81
Red Orb,1994.0,2.81
Codemasters,2012.0,2.81
Nippon Ichi Software,2014.0,2.8
Coleco,1981.0,2.79
Konami Digital Entertainment,1995.0,2.79
Enix Corporation,1992.0,2.79
505 Games,2008.0,2.77
TDK Mediactive,2003.0,2.75
Take-Two Interactive,1997.0,2.7199999999999998
Level 5,2014.0,2.68
Tecmo Koei,2013.0,2.67
Namco Bandai Games,1987.0,2.67
Codemasters,2010.0,2.64
Sega,1990.0,2.6
LucasArts,2001.0,2.58
Enix Corporation,1987.0,2.56
Konami Digital Entertainment,1991.0,2.56
Deep Silver,2009.0,2.5500000000000003
Activision,1997.0,2.55
Virgin Interactive,2000.0,2.55
Majesco Entertainment,2004.0,2.54
Mattel Interactive,1981.0,2.53
Namco Bandai Games,1995.0,2.52
Tecmo Koei,2004.0,2.5
Enix Corporation,1999.0,2.49
JVC,1996.0,2.4899999999999998
Disney Interactive Studios,2015.0,2.48
Acclaim Entertainment,1995.0,2.46
RedOctane,2005.0,2.4499999999999997
Crave Entertainment,2000.0,2.44
Red Orb,1997.0,2.43
Zoo Games,2009.0,2.43
Tecmo Koei,2012.0,2.43
Namco Bandai Games,1988.0,2.4299999999999997
Tecmo Koei,2010.0,2.42
Play It,2004.0,2.42
Square Enix,2003.0,2.42
Empire Interactive,2003.0,2.41
Hasbro Interactive,1994.0,2.39
Codemasters,2003.0,2.39
Codemasters,1997.0,2.38
505 Games,2012.0,2.34
Psygnosis,1996.0,2.32
505 Games,2013.0,2.31
Level 5,2015.0,2.3099999999999996
Atari,1999.0,2.3
NCSoft,2012.0,2.3
Tecmo Koei,2002.0,2.3
Virgin Interactive,1997.0,2.2800000000000002
Red Storm Entertainment,1999.0,2.28
Tecmo Koei,2015.0,2.2600000000000002
Zoo Digital Publishing,2003.0,2.26
UEP Systems,1997.0,2.25
Bethesda Softworks,2016.0,2.25
Unknown,2001.0,2.25
Mindscape,2007.0,2.24
Capcom,1991.0,2.23
Konami Digital Entertainment,1990.0,2.23
Eidos Interactive,2001.0,2.21
LucasArts,2003.0,2.19
LucasArts,2002.0,2.16
Sega,1997.0,2.14
Maxis,1992.0,2.14
SquareSoft,2003.0,2.13
Capcom,2016.0,2.12
Infogrames,2001.0,2.12
Activision,1994.0,2.08
Focus Home Interactive,2014.0,2.05
Tecmo Koei,2009.0,2.04
D3Publisher,2008.0,2.03
Global Star,2005.0,2.03
Capcom,2000.0,2.02
Deep Silver,2010.0,2.0100000000000002
SouthPeak Games,2009.0,1.97
Activision,1996.0,1.9500000000000002
LucasArts,1994.0,1.95
Disney Interactive Studios,1999.0,1.94
Level 5,2010.0,1.94
Compile,1997.0,1.94
Activision,1983.0,1.94
Acclaim Entertainment,1993.0,1.93
Focus Home Interactive,2012.0,1.93
Empire Interactive,2004.0,1.93
Telltale Games,2014.0,1.93
Sega,1993.0,1.93
Spike,2007.0,1.92
THQ,1997.0,1.9
D3Publisher,2011.0,1.8900000000000001
Deep Silver,2014.0,1.8900000000000001
Destineer,2009.0,1.8900000000000001
Tecmo Koei,2000.0,1.87
City Interactive,2010.0,1.8699999999999999
Activision,1982.0,1.86
Hudson Soft,1997.0,1.86
ASCII Entertainment,1999.0,1.8399999999999999
Level 5,2016.0,1.82
Hudson Soft,2009.0,1.8199999999999998
Unknown,2010.0,1.8
Oxygen Interactive,2006.0,1.8
Nippon Ichi Software,2011.0,1.79
Enix Corporation,1996.0,1.79
Level 5,2012.0,1.78
Codemasters,2002.0,1.78
Square,1991.0,1.77
Hasbro Interactive,1999.0,1.75
505 Games,2014.0,1.74
Valve,2011.0,1.74
Tecmo Koei,1997.0,1.73
Psygnosis,1997.0,1.73
Namco Bandai Games,1994.0,1.72
Codemasters,2013.0,1.71
Konami Digital Entertainment,1994.0,1.71
Sony Computer Entertainment Europe,2004.0,1.71
Banpresto,1993.0,1.7
Psygnosis,1995.0,1.69
Take-Two Interactive,1999.0,1.68
Capcom,1989.0,1.67
Infogrames,2000.0,1.66
GungHo,2013.0,1.66
Nobilis,2008.0,1.65
Ocean,1997.0,1.65
Enix Corporation,2004.0,1.65
Avanquest Software,2012.0,1.6400000000000001
Sony Computer Entertainment Europe,2015.0,1.64
Hello Games,2016.0,1.6
Video System,1998.0,1.6
GSP,2009.0,1.6
Codemasters,2001.0,1.59
Banpresto,2007.0,1.59
Mastertronic,2011.0,1.5799999999999998
Gotham Games,2002.0,1.57
Virgin Interactive,1995.0,1.56
Westwood Studios,1999.0,1.55
Sega,2015.0,1.55
Rondomedia,2009.0,1.54
Destineer,2008.0,1.54
Gotham Games,2003.0,1.54
Fox Interactive,1996.0,1.54
Game Factory,2007.0,1.53
Game Factory,2008.0,1.53
SCi,2003.0,1.52
Atlus,2008.0,1.5
Ignition Entertainment,2008.0,1.48
Nippon Ichi Software,2015.0,1.47
Namco Bandai Games,1985.0,1.46
Rising Star Games,2006.0,1.46
Atari,1998.0,1.46
Activision Value,2008.0,1.46
Zoo Digital Publishing,2008.0,1.45
3DO,2001.0,1.45
Banpresto,2001.0,1.45
Koch Media,2015.0,1.45
Touchstone,2008.0,1.44
Atari,2010.0,1.43
Ubisoft Annecy,2009.0,1.43
Microsoft Game Studios,2016.0,1.42
Midway Games,1997.0,1.41
SquareSoft,1990.0,1.4
Warner Bros. Interactive Entertainment,2007.0,1.4
Slightly Mad Studios,2015.0,1.3800000000000001
D3Publisher,2006.0,1.37
Majesco Entertainment,2008.0,1.37
Empire Interactive,2002.0,1.3599999999999999
20th Century Fox Video Games,1981.0,1.35
Enix Corporation,2002.0,1.35
Tomy Corporation,2003.0,1.34
Capcom,1996.0,1.34
System 3 Arcade Software,2008.0,1.33
TDK Mediactive,2004.0,1.33
Hasbro Interactive,2000.0,1.33
Crave Entertainment,2011.0,1.33
Rising Star Games,2011.0,1.32
Banpresto,2005.0,1.32
Bethesda Softworks,2002.0,1.31
GSP,2008.0,1.31
Banpresto,2003.0,1.31
ASC Games,1996.0,1.31
Accolade,1997.0,1.3
Bethesda Softworks,2009.0,1.29
Agetec,2002.0,1.29
D3Publisher,2013.0,1.29
Sony Online Entertainment,2004.0,1.28
Zushi Games,2009.0,1.28
Virgin Interactive,1999.0,1.28
Rage Software,2002.0,1.28
505 Games,2005.0,1.27
RTL,2007.0,1.26
Empire Interactive,2008.0,1.26
Natsume,1996.0,1.25
ASCII Entertainment,1995.0,1.25
Alchemist,2006.0,1.24
Nippon Ichi Software,2009.0,1.24
Nordic Games,2009.0,1.24
Ubisoft Annecy,2011.0,1.23
Maxis,1996.0,1.22
Hudson Soft,2010.0,1.22
Fox Interactive,1999.0,1.22
BAM! Entertainment,2001.0,1.21
SquareSoft,1996.0,1.21
Konami Digital Entertainment,2016.0,1.21
SouthPeak Games,2004.0,1.2
Black Bean Games,2010.0,1.2
Black Label Games,2002.0,1.2
Crave Entertainment,2004.0,1.2
Codemasters,2014.0,1.19
Sony Computer Entertainment America,2014.0,1.1800000000000002
LEGO Media,1999.0,1.18
Mastiff,2010.0,1.17
Zoo Digital Publishing,2007.0,1.17
Infogrames,1999.0,1.1600000000000001
Play It,2002.0,1.1500000000000001
Success,1998.0,1.15
Enix Corporation,1993.0,1.15
Tecmo Koei,1993.0,1.15
Little Orbit,2014.0,1.1400000000000001
Spike,2009.0,1.1400000000000001
SquareSoft,1991.0,1.1400000000000001
Zoo Digital Publishing,2009.0,1.14
Tigervision,1981.0,1.14
Spike,2006.0,1.14
Trion Worlds,2013.0,1.14
Empire Interactive,2000.0,1.14
Ubisoft Annecy,2010.0,1.1300000000000001
Activision,1987.0,1.12
Parker Bros.,1982.0,1.12
Crystal Dynamics,1995.0,1.12
Russel,2007.0,1.12
Ignition Entertainment,2005.0,1.11
RedOctane,2007.0,1.11
Atlus,1995.0,1.11
Storm City Games,2010.0,1.1099999999999999
SquareSoft,1989.0,1.1
Namco Bandai Games,1989.0,1.1
Zoo Games,2010.0,1.1
Hudson Soft,1996.0,1.1
Hudson Soft,1984.0,1.1
Taito,1997.0,1.09
Genki,2003.0,1.09
Midas Interactive Entertainment,2000.0,1.09
Majesco Entertainment,2001.0,1.0899999999999999
PQube,2009.0,1.0699999999999998
Microprose,1999.0,1.06
Nippon Ichi Software,2010.0,1.06
D3Publisher,1998.0,1.06
Banpresto,1996.0,1.06
Scholastic Inc.,2008.0,1.06
Acclaim Entertainment,2004.0,1.06
Marvelous Entertainment,2012.0,1.05
City Interactive,2011.0,1.05
Takara Tomy,2008.0,1.05
Namco Bandai Games,1992.0,1.04
Pinnacle,2008.0,1.04
SouthPeak Games,2007.0,1.04
Namco Bandai Games,1991.0,1.03
Hudson Soft,1985.0,1.03
Bethesda Softworks,2007.0,1.03
Tomy Corporation,2007.0,1.02
Hudson Soft,1993.0,1.02
PQube,2010.0,1.02
Banpresto,2002.0,1.02
Interplay,1996.0,1.02
Codemasters,2000.0,1.02
Brash Entertainment,2008.0,1.02
DTP Entertainment,2009.0,1.01
Deep Silver,2015.0,1.01
Interplay,2000.0,1.0
Empire Interactive,2001.0,1.0
Marvelous Interactive,2011.0,1.0
Sammy Corporation,2004.0,1.0
Capcom,1985.0,1.0
Microsoft Game Studios,2000.0,0.99
Mentor Interactive,2009.0,0.99
Titus,2001.0,0.99
GameMill Entertainment,2011.0,0.99
Ignition Entertainment,2004.0,0.99
Interplay,1997.0,0.99
Rising Star Games,2010.0,0.99
Titus,1999.0,0.98
Codemasters,2004.0,0.9700000000000001
Activision Value,2003.0,0.97
Deep Silver,2016.0,0.97
Takara,1994.0,0.9600000000000001
Atlus,2009.0,0.96
Sammy Corporation,2002.0,0.96
DTP Entertainment,2011.0,0.9500000000000001
Majesco Entertainment,2007.0,0.9500000000000001
Codemasters,2015.0,0.9500000000000001
Zoo Games,2008.0,0.9400000000000001
Unknown,2003.0,0.93
Konami Digital Entertainment,1987.0,0.93
Tecmo Koei,2016.0,0.92
Focus Home Interactive,2009.0,0.91
Ocean,1998.0,0.9
Avanquest,2009.0,0.9
Unknown,2005.0,0.89
505 Games,2004.0,0.89
DTP Entertainment,2008.0,0.89
Capcom,1999.0,0.88
CTO SpA,1996.0,0.88
Majesco Entertainment,2010.0,0.88
Banpresto,1997.0,0.8700000000000001
Infogrames,1997.0,0.87
TalonSoft,2001.0,0.87
Quelle,1982.0,0.87
ASCII Entertainment,1994.0,0.87
SCi,2002.0,0.87
Crave Entertainment,1999.0,0.87
Funbox Media,2011.0,0.8600000000000001
Playlogic Game Factory,2009.0,0.86
"mixi, Inc",2015.0,0.86
Knowledge Adventure,2009.0,0.86
Atari,1987.0,0.86
Empire Interactive,2007.0,0.86
SCi,2004.0,0.86
PQube,2011.0,0.85
Konami Digital Entertainment,1989.0,0.85
Bigben Interactive,2015.0,0.84
Codemasters,2016.0,0.84
SquareSoft,1987.0,0.84
Kadokawa Shoten,1998.0,0.8300000000000001
Atlus,2013.0,0.83
Scholastic Inc.,2007.0,0.83
Interplay,1998.0,0.83
Screenlife,2013.0,0.83
Unknown,1998.0,0.83
Microprose,1996.0,0.8200000000000001
Xplosiv,2008.0,0.8200000000000001
Atlus,2010.0,0.8200000000000001
Sony Online Entertainment,2011.0,0.8200000000000001
Mystique,1981.0,0.82
Hudson Soft,1995.0,0.82
Ignition Entertainment,2006.0,0.81
Big Ben Interactive,2009.0,0.81
ChunSoft,1994.0,0.81
Capcom,1987.0,0.81
Nordic Games,2011.0,0.8099999999999999
SNK,1994.0,0.8
Banpresto,2000.0,0.8
NovaLogic,2005.0,0.8
Level 5,2011.0,0.8
Square EA,1999.0,0.8
Harmonix Music Systems,2015.0,0.8
Rising Star Games,2005.0,0.7999999999999999
O-Games,2010.0,0.79
Hudson Entertainment,1997.0,0.79
Codemasters,2005.0,0.79
Ignition Entertainment,2007.0,0.7899999999999999
Hudson Soft,1992.0,0.7899999999999999
Virgin Interactive,1992.0,0.78
Infogrames,1994.0,0.78
ChunSoft,1993.0,0.78
Sega,2016.0,0.77
Avanquest,2010.0,0.77
Hudson Soft,2008.0,0.77
Men-A-Vision,1981.0,0.77
Banpresto,2004.0,0.77
Nordic Games,2010.0,0.76
SquareSoft,1988.0,0.76
Banpresto,1995.0,0.76
TDK Mediactive,2001.0,0.75
Metro 3D,2002.0,0.75
Activision,1988.0,0.75
Banpresto,1999.0,0.74
Psygnosis,1998.0,0.74
SouthPeak Games,2008.0,0.74
Marvelous Entertainment,2013.0,0.74
Milestone S.r.l.,2015.0,0.73
Rondomedia,2008.0,0.73
Human Entertainment,1994.0,0.73
IE Institute,2006.0,0.73
Enix Corporation,1994.0,0.72
Crave Entertainment,2010.0,0.71
Quest,1995.0,0.71
Majesco Entertainment,2003.0,0.71
Jester Interactive,2002.0,0.71
XS Games,2009.0,0.71
Tecmo Koei,2001.0,0.71
Tomy Corporation,2005.0,0.7000000000000001
Little Orbit,2015.0,0.7000000000000001
Banpresto,1998.0,0.7000000000000001
Ghostlight,2011.0,0.7
Focus Home Interactive,2010.0,0.7
Illusion Softworks,2004.0,0.7
Kemco,2003.0,0.6900000000000001
Rocket Company,2006.0,0.6900000000000001
Crave Entertainment,2005.0,0.69
Natsume,2010.0,0.69
LucasArts,1997.0,0.68
Infogrames,1998.0,0.68
Idea Factory,2010.0,0.68
Kadokawa Shoten,2011.0,0.68
Interplay,2004.0,0.68
Gathering of Developers,2001.0,0.67
Oxygen Interactive,2008.0,0.67
Warner Bros. Interactive Entertainment,2003.0,0.67
Ubisoft Annecy,2012.0,0.67
ASC Games,1998.0,0.66
Idea Factory,2014.0,0.66
Enix Corporation,2003.0,0.66
RTL,2008.0,0.6599999999999999
Atari,1986.0,0.6599999999999999
Sony Online Entertainment,2005.0,0.65
Tecmo Koei,1996.0,0.65
Hudson Soft,2002.0,0.65
City Interactive,2013.0,0.65
BAM! Entertainment,2003.0,0.65
Electronic Arts,1994.0,0.6499999999999999
Aruze Corp,2000.0,0.64
Deep Silver,2012.0,0.64
Nippon Ichi Software,2008.0,0.64
Universal Gamex,1982.0,0.63
Foreign Media Games,2010.0,0.63
THQ,1995.0,0.63
Interplay,2001.0,0.63
Black Bean Games,2011.0,0.63
Square,1997.0,0.63
Kalypso Media,2011.0,0.63
Tecmo Koei,1999.0,0.63
Ghostlight,2009.0,0.63
Namco Bandai Games,1990.0,0.63
Spike,2010.0,0.63
Laguna,1995.0,0.63
Imagineer,1999.0,0.63
D3Publisher,2001.0,0.6200000000000001
Focus Home Interactive,2011.0,0.62
Wizard Video Games,1982.0,0.62
Mastiff,2009.0,0.62
Human Entertainment,1998.0,0.62
Banpresto,1994.0,0.62
Sony Online Entertainment,2003.0,0.62
Pioneer LDC,1996.0,0.62
Nordic Games,2015.0,0.62
Banpresto,2011.0,0.62
Enterbrain,2004.0,0.6100000000000001
Banpresto,2006.0,0.61
Square,1999.0,0.61
Knowledge Adventure,2003.0,0.61
Gotham Games,2004.0,0.61
Psygnosis,1999.0,0.61
505 Games,2015.0,0.61
Codemasters,1999.0,0.61
Imagineer,1997.0,0.61
Metro 3D,2001.0,0.6
3DO,2002.0,0.6
Jaleco,1995.0,0.6
Interplay,2003.0,0.6
20th Century Fox Video Games,1982.0,0.5900000000000001
Crystal Dynamics,1996.0,0.59
Black Bean Games,2008.0,0.59
Majesco Entertainment,2005.0,0.59
Atlus,2014.0,0.59
Disney Interactive Studios,2003.0,0.5800000000000001
Scholastic Inc.,2010.0,0.5800000000000001
Takara,1997.0,0.5800000000000001
Activision Value,2007.0,0.5800000000000001
SouthPeak Games,2010.0,0.58
BMG Interactive Entertainment,1998.0,0.58
Focus Home Interactive,2013.0,0.5700000000000001
Nippon Ichi Software,2016.0,0.57
Mindscape,2010.0,0.57
SouthPeak Games,2005.0,0.57
Destineer,2010.0,0.57
Crave Entertainment,2009.0,0.57
Idea Factory,2011.0,0.56
Midas Interactive Entertainment,2002.0,0.56
Laguna,1993.0,0.56
Midas Interactive Entertainment,2001.0,0.56
UFO Interactive,2010.0,0.56
Zushi Games,2008.0,0.5599999999999999
Atlus,2011.0,0.5599999999999999
Hudson Soft,2003.0,0.5599999999999999
Idea Factory,2012.0,0.55
Xseed Games,2012.0,0.55
LucasArts,1996.0,0.55
Mud Duck Productions,2004.0,0.55
NewKidCo,1998.0,0.55
Kemco,1997.0,0.54
Telegames,2007.0,0.54
CPG Products,1982.0,0.54
Tecmo Koei,1995.0,0.54
Nordic Games,2012.0,0.54
PopCap Games,2009.0,0.54
Virgin Interactive,2002.0,0.54
Aruze Corp,1999.0,0.54
505 Games,2016.0,0.54
Tecmo Koei,1994.0,0.53
Avanquest,2007.0,0.53
Crave Entertainment,2008.0,0.53
Tecmo Koei,1991.0,0.53
Taito,1999.0,0.53
Astragon,2010.0,0.53
Ignition Entertainment,2002.0,0.53
PQube,2015.0,0.52
FuRyu,2015.0,0.52
Asylum Entertainment,2010.0,0.52
989 Studios,1997.0,0.52
Gamebridge,2008.0,0.52
Square,2001.0,0.52
Epoch,1995.0,0.51
Banpresto,1991.0,0.51
Avanquest,2011.0,0.51
Hudson Soft,2007.0,0.51
Arc System Works,2014.0,0.51
Parker Bros.,1983.0,0.5
Takara Tomy,2007.0,0.5
Majesco Entertainment,2013.0,0.5
Oxygen Interactive,2009.0,0.5
Marvelous Interactive,2010.0,0.5
Answer Software,1982.0,0.5
Marvelous Interactive,2005.0,0.49
Kemco,1998.0,0.49
City Interactive,2008.0,0.49
Hudson Soft,2001.0,0.49
Level 5,2013.0,0.49
Pack In Soft,1999.0,0.48
Aspyr,2009.0,0.48
Rebellion,2001.0,0.48
Activision,1985.0,0.48
Rising Star Games,2013.0,0.48
Activision Blizzard,2014.0,0.48
Nippon Ichi Software,2007.0,0.47000000000000003
Banpresto,2008.0,0.47000000000000003
DreamCatcher Interactive,2009.0,0.47000000000000003
Natsume,2002.0,0.47000000000000003
Compile,1995.0,0.47
Activision,1989.0,0.47
Titus,1997.0,0.47
Fox Interactive,1998.0,0.47
Hudson Entertainment,1999.0,0.47
SNK,1996.0,0.46
Wanadoo,2002.0,0.46
Empire Interactive,2005.0,0.46
Atlus,2016.0,0.46
Taito,1994.0,0.46
Gathering of Developers,2004.0,0.46
Konami Digital Entertainment,1993.0,0.45999999999999996
GSP,2010.0,0.45999999999999996
Imagineer,1996.0,0.45
Takara,1993.0,0.45
City Interactive,2009.0,0.45
Atlus,1994.0,0.45
3DO,2003.0,0.45
Ignition Entertainment,2011.0,0.44999999999999996
Rocket Company,2007.0,0.44
Hudson Soft,1991.0,0.44
Scholastic Inc.,2011.0,0.44
Tomy Corporation,2004.0,0.44
Marvelous Interactive,2015.0,0.44
PopCap Games,2010.0,0.44
Human Entertainment,1997.0,0.44
Play It,2005.0,0.43000000000000005
Crave Entertainment,2007.0,0.43
ChunSoft,2009.0,0.43
Nihon Falcom Corporation,2012.0,0.43
Tetris Online,2011.0,0.43
GungHo,2012.0,0.43
Nippon Ichi Software,2012.0,0.43
JoWood Productions,2008.0,0.43
Enterbrain,2001.0,0.43
ASCII Entertainment,1998.0,0.42000000000000004
GungHo,2008.0,0.42000000000000004
Crave Entertainment,2002.0,0.42000000000000004
PlayV,2010.0,0.42
Kalypso Media,2015.0,0.42
ESP,1997.0,0.42
Arc System Works,2013.0,0.42
TYO,1998.0,0.42
Electronic Arts Victor,1996.0,0.42
Ackkstudios,2011.0,0.41000000000000003
DTP Entertainment,2010.0,0.41000000000000003
Spike,2012.0,0.41000000000000003
Empire Interactive,1996.0,0.41
Milestone S.r.l.,2014.0,0.41
Magical Company,1998.0,0.41
3DO,1998.0,0.4
Titus,2002.0,0.4
Jester Interactive,2005.0,0.4
Vivendi Games,1999.0,0.4
Xplosiv,2006.0,0.4
Sega,1982.0,0.4
SNK,1998.0,0.4
ChunSoft,1995.0,0.4
Jaleco,2003.0,0.39
JoWood Productions,2009.0,0.39
JoWood Productions,2010.0,0.39
Telltale Games,2015.0,0.39
Home Entertainment Suppliers,2011.0,0.39
Gremlin Interactive Ltd,1998.0,0.39
Mattel Interactive,1982.0,0.39
Agetec,2003.0,0.39
Human Entertainment,1995.0,0.39
Tomy Corporation,2008.0,0.39
Human Entertainment,1991.0,0.39
Data Age,1981.0,0.39
D3Publisher,2005.0,0.39
Atlus,1997.0,0.39
Interplay,2002.0,0.39
Gremlin Interactive Ltd,1996.0,0.39
Takara,1992.0,0.39
Spike,2008.0,0.39
Sting,2008.0,0.38
Ghostlight,2003.0,0.38
Atlus,2015.0,0.38
Tecmo Koei,1998.0,0.38
Idea Factory International,2014.0,0.38
989 Sports,1999.0,0.38
Unknown,2014.0,0.38
Pinnacle,2009.0,0.38
bitComposer Games,2011.0,0.38
Jack of All Games,2005.0,0.38
Enterbrain,2008.0,0.38
Imagineer,1991.0,0.38
"Destination Software, Inc",2007.0,0.37
Crave Entertainment,1998.0,0.37
ChunSoft,2000.0,0.37
NewKidCo,1999.0,0.37
Valve Software,2009.0,0.37
Zoo Digital Publishing,2006.0,0.37
Zoo Digital Publishing,2002.0,0.37
Majesco Entertainment,2006.0,0.37
Natsume,2003.0,0.37
Focus Home Interactive,2015.0,0.36000000000000004
New,1995.0,0.36
Media Rings,1994.0,0.36
Mattel Interactive,1999.0,0.36
Laguna,1994.0,0.36
Elf,1996.0,0.36
Ocean,1993.0,0.36
Storm City Games,2009.0,0.36
THQ,2013.0,0.36
Falcom Corporation,2010.0,0.36
ChunSoft,2002.0,0.36
Jorudan,2002.0,0.36
Starfish,1997.0,0.36
Performance Designed Products,2009.0,0.36
Mumbo Jumbo,2007.0,0.35000000000000003
Kadokawa Shoten,1999.0,0.35
Atlus,2000.0,0.35
Zoo Games,2011.0,0.35
Deep Silver,2006.0,0.35
Level 5,2009.0,0.35
Tomy Corporation,1996.0,0.34
Marvelous Interactive,2009.0,0.34
Mindscape,2008.0,0.34
ITT Family Games,1982.0,0.34
Takara Tomy,2006.0,0.34
Oxygen Interactive,2005.0,0.34
Sammy Corporation,2001.0,0.33999999999999997
Seta Corporation,1995.0,0.33
BMG Interactive Entertainment,1997.0,0.33
Enterbrain,2002.0,0.33
Black Bean Games,2009.0,0.33
Jaleco,1996.0,0.33
Starpath Corp.,1981.0,0.33
Falcom Corporation,2009.0,0.33
NEC Interchannel,1998.0,0.33
Tomy Corporation,1995.0,0.33
GungHo,2009.0,0.32999999999999996
Deep Silver,2004.0,0.32
Data Age,1982.0,0.32
Metro 3D,2003.0,0.32
Capcom,2014.0,0.32
Success,2007.0,0.32
BPS,1991.0,0.32
Takara,1998.0,0.32
Kalypso Media,2009.0,0.32
P2 Games,2011.0,0.32
Unknown,2012.0,0.32
ASCII Entertainment,2001.0,0.32
Banpresto,2009.0,0.32
Yacht Club Games,2015.0,0.32
GSP,2011.0,0.32
Unknown,2008.0,0.32
Gremlin Interactive Ltd,1997.0,0.32
Indie Games,2004.0,0.32
Idea Factory,2013.0,0.31
Magix,2001.0,0.31
Idea Factory,2009.0,0.31
Infogrames,1996.0,0.31
CBS Electronics,1982.0,0.31
Human Entertainment,1999.0,0.31
Marvelous Entertainment,2014.0,0.31
Play It,2003.0,0.31
CokeM Interactive,2007.0,0.31
Kalypso Media,2010.0,0.31
Marvelous Interactive,2008.0,0.31
PopCap Games,2008.0,0.31
Titus,1998.0,0.31
Rebellion Developments,2015.0,0.30000000000000004
Crave Entertainment,2006.0,0.3
Alchemist,2008.0,0.3
Mud Duck Productions,2003.0,0.3
Interplay,1995.0,0.3
Takara Tomy,2009.0,0.3
Seta Corporation,1996.0,0.3
Jorudan,1999.0,0.3
Acquire,2011.0,0.3
Ubisoft,1998.0,0.3
Conspiracy Entertainment,2001.0,0.29000000000000004
5pb,2010.0,0.29000000000000004
Ocean,1995.0,0.29000000000000004
NEC,1996.0,0.29000000000000004
Angel Studios,1991.0,0.29
Ubisoft,2020.0,0.29
Tecmo Koei,1992.0,0.29
Wargaming.net,2011.0,0.29
Unknown,1981.0,0.29
Jorudan,2003.0,0.29
Takara,1996.0,0.29
Idea Factory,2015.0,0.29
D3Publisher,2012.0,0.29
505 Games,2002.0,0.29
Warner Bros. Interactive Entertainment,2006.0,0.29
Playmates,1997.0,0.28
From Software,1997.0,0.28
Video System,1992.0,0.28
Nichibutsu,1995.0,0.28
Nippon Columbia,2012.0,0.28
Hamster Corporation,2002.0,0.28
Tigervision,1982.0,0.28
SNK,1995.0,0.28
SNK Playmore,1995.0,0.28
Elf,1997.0,0.28
Destineer,2007.0,0.28
Ocean,1992.0,0.28
Takara,2001.0,0.28
Activision,1984.0,0.27
GT Interactive,1995.0,0.27
5pb,2011.0,0.27
Hect,1994.0,0.27
SCi,2005.0,0.27
Marvelous Interactive,2014.0,0.27
O-Games,2011.0,0.27
Kemco,1999.0,0.27
Imagineer,2000.0,0.27
Coleco,1982.0,0.27
Natsume,2000.0,0.27
Nordic Games,2008.0,0.27
BMG Interactive Entertainment,1996.0,0.27
Jaleco,2007.0,0.27
ChunSoft,1996.0,0.27
Ignition Entertainment,2009.0,0.27
Nippon Telenet,1996.0,0.26
Arc System Works,2008.0,0.26
Empire Interactive,2006.0,0.26
Alchemist,2010.0,0.26
Konami Digital Entertainment,1992.0,0.26
Vivendi Games,2009.0,0.26
Broccoli,2013.0,0.26
The Adventure Company,2009.0,0.26
Kadokawa Shoten,2007.0,0.26
Mastiff,2011.0,0.26
5pb,2012.0,0.26
NewKidCo,2002.0,0.26
Pacific Century Cyber Works,2002.0,0.26
Liquid Games,2002.0,0.26
Compile Heart,2010.0,0.26
From Software,1999.0,0.26
Atlus,1999.0,0.26
LucasArts,2000.0,0.26
From Software,1996.0,0.26
Popcorn Arcade,2007.0,0.25
Ackkstudios,2012.0,0.25
Deep Silver,2005.0,0.25
Sony Computer Entertainment Europe,2012.0,0.25
Gust,1997.0,0.25
ArtDink,1994.0,0.25
Axela,1998.0,0.25
Activision Value,2006.0,0.25
Ubisoft,1997.0,0.25
Bethesda Softworks,2004.0,0.25
Tru Blu Entertainment,2015.0,0.25
Unknown,2007.0,0.25
Broccoli,2011.0,0.25
Disney Interactive Studios,2002.0,0.25
The Adventure Company,2008.0,0.25
Mindscape,1996.0,0.25
SquareSoft,2001.0,0.25
Sunsoft,2000.0,0.25
Atlus,1996.0,0.25
Nippon Columbia,2014.0,0.24000000000000002
Game Factory,2004.0,0.24
Popcorn Arcade,2008.0,0.24
Mindscape,1995.0,0.24
Game Factory,2006.0,0.24
Marvelous Interactive,2004.0,0.24
XS Games,2002.0,0.24
Rondomedia,2011.0,0.24
Xing Entertainment,1997.0,0.24
LEGO Media,2001.0,0.24
ValuSoft,2005.0,0.24
XS Games,2010.0,0.24
Taito,1981.0,0.24
PopCap Games,2011.0,0.23
Taito,2002.0,0.23
PQube,2016.0,0.23
Mattel Interactive,2000.0,0.23
Compile Heart,2014.0,0.23
DTP Entertainment,2005.0,0.23
American Softworks,1996.0,0.23
Atari,2011.0,0.23
Nordcurrent,2009.0,0.23
Conspiracy Entertainment,2010.0,0.23
Codemasters,2006.0,0.23
Aqua Plus,2015.0,0.23
Compile Heart,2012.0,0.23
Victor Interactive,1997.0,0.23
Idea Factory International,2015.0,0.23
Ignition Entertainment,2003.0,0.23
Tomy Corporation,1998.0,0.23
Kadokawa Shoten,1996.0,0.23
Detn8 Games,2007.0,0.23
Hudson Soft,2006.0,0.22999999999999998
Daito,2006.0,0.22999999999999998
Hudson Soft,2011.0,0.22999999999999998
Nippon Columbia,2013.0,0.22999999999999998
Ghostlight,2005.0,0.22000000000000003
Takara Tomy,2010.0,0.22
Hackberry,2007.0,0.22
ArtDink,1996.0,0.22
Compile Heart,2013.0,0.22
From Software,1998.0,0.22
Xplosiv,2007.0,0.22
Hudson Soft,2005.0,0.22
Mindscape,1998.0,0.22
Idea Factory,2008.0,0.22
System 3,2013.0,0.22
FuRyu,2013.0,0.22
Alchemist,2011.0,0.22
CCP,2003.0,0.22
Playlogic Game Factory,2008.0,0.22
Acquire,2010.0,0.22
5pb,2015.0,0.22
AQ Interactive,2008.0,0.22
Marvelous Entertainment,2015.0,0.22
Bomb,1982.0,0.22
Kadokawa Shoten,2012.0,0.22
Kadokawa Shoten,2008.0,0.22
TDK Core,2006.0,0.22
Vatical Entertainment,2000.0,0.22
Kadokawa Games,2016.0,0.22
Brash Entertainment,2007.0,0.21000000000000002
Mumbo Jumbo,2008.0,0.21000000000000002
SNK,1993.0,0.21000000000000002
Telstar,1998.0,0.21000000000000002
NEC Interchannel,1997.0,0.21000000000000002
D3Publisher,2015.0,0.21000000000000002
MTV Games,2011.0,0.21000000000000002
GameMill Entertainment,2012.0,0.21000000000000002
Interplay,1999.0,0.21
PQube,2013.0,0.21
Atlus,1998.0,0.21
Ghostlight,2006.0,0.21
Activision Value,2001.0,0.21
Kadokawa Shoten,1997.0,0.21
Telltale Games,2016.0,0.21
Gamebridge,2009.0,0.21
Marvelous Interactive,2007.0,0.21
On Demand,1997.0,0.21
Culture Brain,1991.0,0.2
Falcom Corporation,2011.0,0.2
Graffiti,2010.0,0.2
Kadokawa Shoten,2013.0,0.2
Gust,2008.0,0.2
Agatsuma Entertainment,2012.0,0.2
Shogakukan,2006.0,0.2
Nordcurrent,2008.0,0.2
BPS,1994.0,0.2
Kadokawa Games,2014.0,0.2
System 3 Arcade Software,2006.0,0.2
GungHo,2016.0,0.2
Xplosiv,2005.0,0.2
Telegames,2003.0,0.2
Mad Catz,2004.0,0.2
Gamecock,2008.0,0.2
Merscom LLC,2009.0,0.2
NCS,1996.0,0.2
Compile Heart,2008.0,0.2
Bethesda Softworks,2003.0,0.2
Bethesda Softworks,2005.0,0.19
Hip Interactive,2004.0,0.19
Core Design Ltd.,1994.0,0.19
Accolade,1996.0,0.19
Kalypso Media,2014.0,0.19
Blast! Entertainment Ltd,2009.0,0.19
Video System,1997.0,0.19
Spike,2011.0,0.19
Telltale Games,2011.0,0.19
Epoch,1996.0,0.19
Mindscape,2003.0,0.19
Benesse,2007.0,0.19
Gust,2012.0,0.19
Accolade,1999.0,0.19
Media Rings,2002.0,0.19
TDK Core,2002.0,0.19
Xseed Games,2013.0,0.19
System 3 Arcade Software,2007.0,0.19
SSI,1996.0,0.19
Sammy Corporation,1993.0,0.19
Kadokawa Shoten,2010.0,0.19
Alchemist,2007.0,0.19
Hect,1993.0,0.19
Atlus,2003.0,0.19
Imagineer,1998.0,0.19
Agetec,1998.0,0.19
Avanquest,2008.0,0.19
Marvelous Interactive,2016.0,0.19
Swing! Entertainment,2000.0,0.18
Aksys Games,2014.0,0.18
Neko Entertainment,2010.0,0.18
5pb,2009.0,0.18
Enterbrain,2010.0,0.18
Paradox Interactive,2011.0,0.18
U.S. Gold,1995.0,0.18
SNK Playmore,2005.0,0.18
SNK,2000.0,0.18
TDK Core,2000.0,0.18
GameMill Entertainment,2010.0,0.18
Victor Interactive,2000.0,0.18
Hudson Soft,1999.0,0.17
Avalon Interactive,1982.0,0.17
Panther Software,1995.0,0.17
NCSoft,2014.0,0.17
Genki,1999.0,0.17
Game Life,2009.0,0.17
UFO Interactive,2009.0,0.17
Hasbro Interactive,2001.0,0.17
ChunSoft,1999.0,0.17
Hip Interactive,2005.0,0.17
Ghostlight,2007.0,0.17
Adeline Software,1996.0,0.17
Blast! Entertainment Ltd,2007.0,0.17
Funcom,2012.0,0.17
Telegames,2010.0,0.17
Essential Games,2005.0,0.17
SNK Playmore,2007.0,0.17
Aqua Plus,2011.0,0.17
IE Institute,2007.0,0.17
DSI Games,2005.0,0.17
Idea Factory,2006.0,0.16999999999999998
Acquire,2012.0,0.16999999999999998
Aques,1997.0,0.16
MTO,2006.0,0.16
Hudson Soft,2000.0,0.16
Valcon Games,2009.0,0.16
Time Warner Interactive,1996.0,0.16
Focus Home Interactive,2016.0,0.16
Gainax Network Systems,1998.0,0.16
Syscom,1998.0,0.16
Enterbrain,2006.0,0.16
White Park Bay Software,2007.0,0.16
FuRyu,2014.0,0.16
Unknown,2016.0,0.16
ChunSoft,1992.0,0.16
Capcom,1994.0,0.16
Ubisoft,1996.0,0.16
Banpresto,1992.0,0.16
Fox Interactive,2000.0,0.16
Victor Interactive,1998.0,0.16
Takara Tomy,2013.0,0.16
Sony Online Entertainment,2006.0,0.16
Vir2L Studios,2009.0,0.16
AQ Interactive,2007.0,0.16
Sammy Corporation,2003.0,0.16
Jaleco,1998.0,0.15000000000000002
U.S. Gold,1996.0,0.15000000000000002
AQ Interactive,2009.0,0.15
Vic Tokai,1997.0,0.15
Media Factory,2001.0,0.15
Game Factory,2010.0,0.15
Daedalic,2012.0,0.15
Atari,1989.0,0.15
Midas Interactive Entertainment,2009.0,0.15
Conspiracy Entertainment,2008.0,0.15
Epoch,2000.0,0.15
Natsume,2014.0,0.15
Little Orbit,2010.0,0.15
Paradox Interactive,2010.0,0.15
Rocket Company,2010.0,0.15
UFO Interactive,2008.0,0.15
Nihon Falcom Corporation,2015.0,0.15
PQube,2007.0,0.15
EA Games,2012.0,0.15
Success,2008.0,0.15
Irem Software Engineering,2008.0,0.15
FuRyu,2011.0,0.15
Tommo,2007.0,0.15
Kadokawa Shoten,2014.0,0.14
Acquire,2008.0,0.14
Sony Music Entertainment,2001.0,0.14
Funsta,2007.0,0.14
Rage Software,2001.0,0.14
Imadio,1997.0,0.14
Nobilis,2010.0,0.14
Benesse,2008.0,0.14
Media Factory,2000.0,0.14
Paradox Interactive,2015.0,0.14
Infogrames,2003.0,0.14
Paon,2007.0,0.14
Excalibur Publishing,2012.0,0.14
Excalibur Publishing,2011.0,0.14
PQube,2008.0,0.14
Touchstone,2007.0,0.14
Asgard,2010.0,0.14
Oxygen Interactive,2007.0,0.14
Xicat Interactive,2002.0,0.14
Aqua Plus,2012.0,0.14
Aqua Plus,1999.0,0.14
Tripwire Interactive,2011.0,0.14
Swing! Entertainment,2002.0,0.14
Nippon Columbia,2015.0,0.14
NewKidCo,2003.0,0.14
Mindscape,1997.0,0.14
NEC,1995.0,0.14
ESP,1998.0,0.14
Wanadoo,2001.0,0.14
Game Arts,1994.0,0.14
Graffiti,2009.0,0.14
NEC Interchannel,2000.0,0.14
Milestone S.r.l.,2016.0,0.14
LEGO Media,2002.0,0.14
General Entertainment,1998.0,0.14
Valcon Games,2008.0,0.14
SouthPeak Games,2006.0,0.14
Sunsoft,1999.0,0.14
Sunsoft,1998.0,0.14
5pb,2013.0,0.13999999999999999
DHM Interactive,2007.0,0.13999999999999999
Gust,2009.0,0.13999999999999999
FuRyu,2016.0,0.13
Slitherine Software,2010.0,0.13
FuRyu,2012.0,0.13
XS Games,2005.0,0.13
Sunrise Interactive,2000.0,0.13
Alchemist,2013.0,0.13
Enterbrain,2009.0,0.13
Ghostlight,2004.0,0.13
Alchemist,2012.0,0.13
Game Life,2007.0,0.13
Evolved Games,2011.0,0.13
Ocean,1996.0,0.13
Tomy Corporation,2010.0,0.13
5pb,2014.0,0.13
Rocket Company,2012.0,0.13
Havas Interactive,2000.0,0.13
From Software,2009.0,0.13
Data Design Interactive,2008.0,0.13
Mercury Games,2008.0,0.13
SNK Playmore,1999.0,0.13
"Destination Software, Inc",2008.0,0.13
Myelin Media,2006.0,0.13
Prototype,2009.0,0.13
SCS Software,2012.0,0.13
Nihon Falcom Corporation,2016.0,0.13
Kaga Create,2015.0,0.13
DreamWorks Interactive,1998.0,0.13
Koch Media,2011.0,0.13
Midway Games,1996.0,0.13
"Destination Software, Inc",2001.0,0.13
Natsume,2007.0,0.13
Spike,2001.0,0.13
Microids,2003.0,0.12000000000000001
Avalon Interactive,2004.0,0.12000000000000001
Tivola,2009.0,0.12000000000000001
SquareSoft,2002.0,0.12000000000000001
ASCII Media Works,2010.0,0.12000000000000001
Metro 3D,2007.0,0.12000000000000001
Ghostlight,2010.0,0.12000000000000001
Unknown,2006.0,0.12000000000000001
Paradox Interactive,2009.0,0.12000000000000001
SPS,1996.0,0.12
FunSoft,1996.0,0.12
Bohemia Interactive,2013.0,0.12
Angel Studios,1994.0,0.12
Idea Factory,2016.0,0.12
DreamCatcher Interactive,2003.0,0.12
Spike,2002.0,0.12
Human Entertainment,1996.0,0.12
JVC,1994.0,0.12
NDA Productions,2002.0,0.12
Insomniac Games,2016.0,0.12
Psygnosis,2000.0,0.12
Quinrose,2011.0,0.12
Vic Tokai,1996.0,0.12
Midas Interactive Entertainment,1998.0,0.12
Reef Entertainment,2009.0,0.12
Aksys Games,2015.0,0.12
Aksys Games,2016.0,0.12
Reef Entertainment,2010.0,0.12
Imagineer,2001.0,0.12
T&E Soft,1993.0,0.12
Sunsoft,1994.0,0.12
Playlogic Game Factory,2005.0,0.12
Hudson Entertainment,2001.0,0.12
Moss,2008.0,0.12
From Software,2013.0,0.12
Falcom Corporation,2008.0,0.11000000000000001
Falcom Corporation,2012.0,0.11000000000000001
Daedalic Entertainment,2013.0,0.11000000000000001
Black Bean Games,2007.0,0.11000000000000001
Happinet,2014.0,0.11000000000000001
Data East,1998.0,0.11
DreamCatcher Interactive,2010.0,0.11
Yeti,2010.0,0.11
CDV Software Entertainment,2008.0,0.11
MTO,2007.0,0.11
Sunsoft,1997.0,0.11
Pack-In-Video,1995.0,0.11
Gameloft,2007.0,0.11
Starfish,1999.0,0.11
NCS,1997.0,0.11
Compile Heart,2015.0,0.11
CyberFront,2010.0,0.11
Takara Tomy,2015.0,0.11
SNK,1999.0,0.11
Ackkstudios,2010.0,0.11
Phenomedia,2007.0,0.11
Aspyr,2008.0,0.11
Acquire,2014.0,0.11
Daedalic,2009.0,0.11
Syscom,1999.0,0.11
Ghostlight,2008.0,0.11
Prototype,2010.0,0.11
Xseed Games,2014.0,0.11
Time Warner Interactive,1994.0,0.11
Tradewest,2010.0,0.11
Swing! Entertainment,2001.0,0.11
BAM! Entertainment,2000.0,0.11
Sting,2007.0,0.11
From Software,2002.0,0.11
JoWood Productions,2005.0,0.11
PopTop Software,1999.0,0.11
Simon & Schuster Interactive,2002.0,0.11
Victor Interactive,1993.0,0.11
Shogakukan,1995.0,0.11
Nordcurrent,2010.0,0.11
Valcon Games,2005.0,0.11
Aqua Plus,2006.0,0.11
SouthPeak Games,1999.0,0.11
ValuSoft,2009.0,0.11
TOHO,1993.0,0.11
HMH Interactive,2009.0,0.11
O3 Entertainment,2007.0,0.11
Aqua Plus,2009.0,0.11
Video System,2000.0,0.11
Nordic Games,2014.0,0.11
Alternative Software,2016.0,0.11
Square,1994.0,0.11
Type-Moon,2014.0,0.1
Asmik Ace Entertainment,1996.0,0.1
GameTek,1998.0,0.1
Asmik Corp,1995.0,0.1
Microsoft Game Studios,1999.0,0.1
Image Epoch,2012.0,0.1
Micro Cabin,1996.0,0.1
Unknown,2002.0,0.1
Sting,2004.0,0.1
Vir2L Studios,2008.0,0.1
Kemco,2001.0,0.1
505 Games,2003.0,0.1
Media Rings,1995.0,0.1
BAM! Entertainment,2004.0,0.1
Cave,2008.0,0.1
MTO,1998.0,0.1
Mastiff,2004.0,0.1
Atlus,2007.0,0.1
Cave,2011.0,0.1
Shogakukan,2007.0,0.1
Broccoli,2015.0,0.1
Unknown,2015.0,0.1
5pb,2008.0,0.1
Enjoy Gaming ltd.,2009.0,0.1
Aqua Plus,2013.0,0.1
ChunSoft,2011.0,0.1
Aqua Plus,2016.0,0.1
PM Studios,2009.0,0.1
Interplay Productions,1997.0,0.1
Avalon Interactive,1999.0,0.1
Starfish,2007.0,0.1
Vivendi Games,2000.0,0.1
inXile Entertainment,2015.0,0.1
Core Design Ltd.,1995.0,0.1
Bethesda Softworks,2006.0,0.1
Natsume,1997.0,0.1
Arc System Works,2010.0,0.1
Victor Interactive,2001.0,0.1
Broccoli,2012.0,0.09999999999999999
Reef Entertainment,2012.0,0.09999999999999999
Evolved Games,2009.0,0.09999999999999999
Victor Interactive,1995.0,0.09000000000000001
Microids,2004.0,0.09000000000000001
Kadokawa Shoten,2009.0,0.09000000000000001
Atlus,2004.0,0.09000000000000001
Sunsoft,2011.0,0.09
Storm City Games,2011.0,0.09
Success,2001.0,0.09
Griffin International,2010.0,0.09
Arc System Works,2015.0,0.09
Hearty Robin,1996.0,0.09
ArtDink,1998.0,0.09
Gust,2001.0,0.09
Rocket Company,2015.0,0.09
responDESIGN,2004.0,0.09
Global Star,2006.0,0.09
From Software,2001.0,0.09
Genki,2007.0,0.09
Asmik Ace Entertainment,2000.0,0.09
1C Company,2011.0,0.09
TGL,2015.0,0.09
Rising Star Games,2012.0,0.09
Activision Value,2002.0,0.09
Hudson Entertainment,2009.0,0.09
Media Works,1998.0,0.09
Data Design Interactive,2007.0,0.09
Prototype,2007.0,0.09
Nippon Amuse,2002.0,0.09
O3 Entertainment,2004.0,0.09
DreamCatcher Interactive,2006.0,0.09
Culture Publishers,1998.0,0.09
10TACLE Studios,2007.0,0.09
NCS,1998.0,0.09
LSP Games,2003.0,0.09
Big Ben Interactive,2002.0,0.09
Compile Heart,2011.0,0.09
Origin Systems,1997.0,0.09
Phantom EFX,2009.0,0.09
Kadokawa Games,2015.0,0.09
ChunSoft,1998.0,0.09
Atlus,2001.0,0.09
Microprose,1995.0,0.09
Nobilis,2009.0,0.09
Atlus,2002.0,0.09
Evolved Games,2004.0,0.09
Natsume,2006.0,0.09
Natsume,2001.0,0.09
DSI Games,2008.0,0.09
Marvelous Interactive,2002.0,0.08
Glams,1995.0,0.08
Abylight,2010.0,0.08
Spike,2004.0,0.08
dramatic create,2015.0,0.08
"Destination Software, Inc",2005.0,0.08
Koch Media,2013.0,0.08
Natsume,2009.0,0.08
SNK,1997.0,0.08
Taito,2007.0,0.08
Hudson Soft,2004.0,0.08
Sammy Corporation,2006.0,0.08
Interchannel,2006.0,0.08
Aqua Plus,2008.0,0.08
Alchemist,2015.0,0.08
Vivendi Games,1998.0,0.08
Titus,2000.0,0.08
Hackberry,2008.0,0.08
Seventh Chord,2013.0,0.08
Time Warner Interactive,1995.0,0.08
JVC,1998.0,0.08
Mercury Games,2007.0,0.08
Destineer,2011.0,0.08
Agatsuma Entertainment,2004.0,0.08
P2 Games,2009.0,0.08
PQube,2012.0,0.08
Telegames,2008.0,0.08
Acquire,2009.0,0.08
Milestone,2008.0,0.08
Alchemist,2009.0,0.08
Cloud Imperium Games Corporation,2012.0,0.08
Rocket Company,2013.0,0.08
Prototype,2008.0,0.08
D3Publisher,2016.0,0.08
D3Publisher,2014.0,0.08
Mitsui,1998.0,0.08
Comfort,2011.0,0.08
From Software,1994.0,0.08
Focus Home Interactive,2008.0,0.08
Flight-Plan,2007.0,0.08
Microids,2002.0,0.08
Micro Cabin,1995.0,0.08
Epoch,1991.0,0.08
Mastiff,2005.0,0.08
RTL,2009.0,0.08
Locus,1998.0,0.07
Prototype,2012.0,0.07
Arc System Works,2009.0,0.07
Screenlife,2015.0,0.07
Success,2005.0,0.07
Athena,2001.0,0.07
Evolution Games,1998.0,0.07
Irem Software Engineering,2009.0,0.07
Sunsoft,1996.0,0.07
Mastertronic,2010.0,0.07
Success,2013.0,0.07
Alternative Software,2010.0,0.07
Jaleco,2004.0,0.07
Asmik Corp,1994.0,0.07
Gust,2002.0,0.07
Titus,1993.0,0.07
Asylum Entertainment,2011.0,0.07
Licensed 4U,2012.0,0.07
Microids,2005.0,0.07
Altron,2001.0,0.07
Edia,2006.0,0.07
7G//AMES,2011.0,0.07
Kadokawa Shoten,2015.0,0.07
DreamCatcher Interactive,2008.0,0.07
Global A Entertainment,2007.0,0.07
Pioneer LDC,1998.0,0.07
Epoch,1992.0,0.07
Rocket Company,2014.0,0.07
Aria,2006.0,0.07
Rocket Company,2011.0,0.07
Marvelous Interactive,2006.0,0.07
Cave,2010.0,0.07
SNK,2005.0,0.07
Hudson Entertainment,2003.0,0.07
D3Publisher,2000.0,0.07
Mad Catz,2012.0,0.07
Broccoli,2007.0,0.07
Conspiracy Entertainment,2007.0,0.07
Ackkstudios,2009.0,0.07
Elite,1996.0,0.07
GungHo,2011.0,0.07
Crave Entertainment,2003.0,0.07
Mentor Interactive,2010.0,0.07
City Interactive,2014.0,0.07
Data Design Interactive,2009.0,0.07
NCSoft,2005.0,0.07
Warp,1997.0,0.07
ASCII Media Works,2009.0,0.07
Creative Core,2008.0,0.06999999999999999
Conspiracy Entertainment,2009.0,0.06999999999999999
Paon,2008.0,0.06999999999999999
Ascaron Entertainment GmbH,2008.0,0.06999999999999999
Falcom Corporation,2007.0,0.06999999999999999
Revolution Software,2015.0,0.06999999999999999
Aqua Plus,2010.0,0.060000000000000005
Nobilis,2007.0,0.060000000000000005
"Destination Software, Inc",2006.0,0.060000000000000005
Broccoli,2016.0,0.060000000000000005
Jaleco,2002.0,0.060000000000000005
Rocket Company,2009.0,0.06
Unknown,2013.0,0.06
DTP Entertainment,2012.0,0.06
Neko Entertainment,2007.0,0.06
Warner Bros. Interactive Entertainment,2005.0,0.06
Gathering of Developers,2003.0,0.06
Irem Software Engineering,2006.0,0.06
XS Games,2004.0,0.06
DigiCube,2002.0,0.06
Virtual Play Games,2010.0,0.06
Genki,2001.0,0.06
NEC Interchannel,1996.0,0.06
Midas Interactive Entertainment,2005.0,0.06
Nihon Falcom Corporation,2014.0,0.06
Telstar,1995.0,0.06
Groove Games,2005.0,0.06
SNK Playmore,2009.0,0.06
Imax,1993.0,0.06
Kemco,2002.0,0.06
Taito,2006.0,0.06
Taito,2001.0,0.06
System 3 Arcade Software,2009.0,0.06
ArtDink,2014.0,0.06
Paradox Interactive,2016.0,0.06
Grand Prix Games,2007.0,0.06
Midas Interactive Entertainment,2007.0,0.06
Home Entertainment Suppliers,2010.0,0.06
Activision Value,2004.0,0.06
Yumedia,1995.0,0.06
Crimson Cow,2011.0,0.06
Nordic Games,2013.0,0.06
Quinrose,2012.0,0.06
Fortyfive,1998.0,0.06
Hudson Entertainment,1998.0,0.06
Psygnosis,1994.0,0.06
JVC,2000.0,0.06
XS Games,2008.0,0.06
Taito,1995.0,0.06
JoWood Productions,2006.0,0.06
Game Factory,2005.0,0.06
Iceberg Interactive,2011.0,0.06
ASCII Media Works,2008.0,0.06
iWin,2011.0,0.06
Ecole,2009.0,0.06
Nippon Columbia,2016.0,0.06
MC2 Entertainment,2004.0,0.06
Electronic Arts,1992.0,0.06
HAL Laboratory,1989.0,0.06
Essential Games,2006.0,0.06
Gust,2013.0,0.06
Hudson Entertainment,2007.0,0.06
ChunSoft,2012.0,0.06
Yeti,2008.0,0.05
Epoch,1993.0,0.05
Pioneer LDC,2001.0,0.05
ArtDink,2001.0,0.05
CDV Software Entertainment,2009.0,0.05
NCSoft,2006.0,0.05
Pony Canyon,2000.0,0.05
Genki,2012.0,0.05
Little Orbit,2013.0,0.05
DSI Games,2007.0,0.05
Misawa,1993.0,0.05
Atari,2012.0,0.05
Dusenberry Martin Racing,2016.0,0.05
Mastertronic,2009.0,0.05
Monte Christo Multimedia,2007.0,0.05
Easy Interactive,2012.0,0.05
Prototype,2014.0,0.05
Asgard,2013.0,0.05
Pow,1995.0,0.05
Xseed Games,2015.0,0.05
Starfish,2001.0,0.05
Phenomedia,2009.0,0.05
Coconuts Japan,1993.0,0.05
Idea Factory,2002.0,0.05
Idea Factory,2007.0,0.05
Milestone S.r.l,2016.0,0.05
"Destination Software, Inc",2003.0,0.05
Team17 Software,2010.0,0.05
Tivola,2008.0,0.05
Russel,2010.0,0.05
Activision Value,2005.0,0.05
The Learning Company,2000.0,0.05
Zushi Games,2007.0,0.05
Irem Software Engineering,2007.0,0.05
Takara,1995.0,0.05
Irem Software Engineering,2010.0,0.05
Avalon Interactive,2002.0,0.05
Kadokawa Games,2013.0,0.05
Kalypso Media,2008.0,0.05
Swing! Entertainment,1998.0,0.05
KID,2006.0,0.05
Takara,1999.0,0.05
JoWood Productions,2004.0,0.05
Astragon,2009.0,0.05
Nordcurrent,2007.0,0.05
MediaQuest,1995.0,0.05
Jaleco,2008.0,0.05
WayForward Technologies,2015.0,0.05
Big Ben Interactive,2004.0,0.05
Acquire,2006.0,0.05
Atlus,2006.0,0.05
ASC Games,1999.0,0.05
Global A Entertainment,2008.0,0.05
Arika,2004.0,0.05
From Software,2006.0,0.05
Metro 3D,2008.0,0.05
DreamCatcher Interactive,2001.0,0.05
Ertain,2007.0,0.05
Navarre Corp,2008.0,0.05
Phantagram,2002.0,0.05
Neko Entertainment,2008.0,0.05
Vap,1994.0,0.05
Marvel Entertainment,2015.0,0.05
Max Five,2001.0,0.05
Kemco,1991.0,0.05
TechnoSoft,1998.0,0.05
Majesco Entertainment,2002.0,0.05
Takara,2002.0,0.04
Zenrin,2006.0,0.04
Yamasa Entertainment,2006.0,0.04
imageepoch Inc.,2014.0,0.04
Summitsoft,2004.0,0.04
Takara,2003.0,0.04
Tommo,2011.0,0.04
UFO Interactive,2011.0,0.04
responDESIGN,2005.0,0.04
Legacy Interactive,2008.0,0.04
Microids,2016.0,0.04
DSI Games,2006.0,0.04
DHM Interactive,2009.0,0.04
Prototype,2011.0,0.04
CyberFront,2008.0,0.04
Midas Interactive Entertainment,1999.0,0.04
IE Institute,2008.0,0.04
ChunSoft,2010.0,0.04
Data East,1995.0,0.04
Red Storm Entertainment,2001.0,0.04
Nippon Ichi Software,1998.0,0.04
Riverhillsoft,1995.0,0.04
Ivolgamus,2008.0,0.04
Rondomedia,2010.0,0.04
Broccoli,2009.0,0.04
PopCap Games,2007.0,0.04
Playmore,2002.0,0.04
Jack of All Games,2011.0,0.04
Flight-Plan,2009.0,0.04
Game Factory,2003.0,0.04
Funbox Media,2012.0,0.04
Graffiti,2008.0,0.04
GungHo,2014.0,0.04
Gust,2007.0,0.04
NEC Interchannel,2008.0,0.04
Flashpoint Games,2010.0,0.04
"Destination Software, Inc",2004.0,0.04
Flashpoint Games,2005.0,0.04
Happinet,2016.0,0.04
Experience Inc.,2015.0,0.04
Paradox Interactive,2008.0,0.04
Hect,1995.0,0.04
Mindscape,1999.0,0.04
Media Works,1996.0,0.04
Gakken,2007.0,0.04
SNK Playmore,1998.0,0.04
Sega,2017.0,0.04
Starfish,2011.0,0.04
Agetec,2009.0,0.04
Kadokawa Shoten,2005.0,0.04
ArtDink,2009.0,0.04
Jester Interactive,2003.0,0.04
Koch Media,2016.0,0.04
Ascaron Entertainment GmbH,2004.0,0.04
Sonnet,1995.0,0.04
Magix,2009.0,0.04
Kool Kizz,2003.0,0.04
Societa,1996.0,0.04
Astragon,2011.0,0.04
Asmik Ace Entertainment,2006.0,0.04
SNK Playmore,2010.0,0.04
MLB.com,2016.0,0.04
2D Boy,2008.0,0.04
JoWood Productions,2007.0,0.04
Avanquest Software,2015.0,0.04
Avanquest,2016.0,0.04
49Games,2009.0,0.04
SNK Playmore,2008.0,0.04
Alawar Entertainment,2009.0,0.04
5pb,2016.0,0.04
Avalon Interactive,2003.0,0.04
Global A Entertainment,2006.0,0.03
Kokopeli Digital Studios,1995.0,0.03
Gust,2010.0,0.03
HMH Interactive,2008.0,0.03
Happinet,2015.0,0.03
Groove Games,2006.0,0.03
Kids Station,2007.0,0.03
LSP Games,2002.0,0.03
Success,2002.0,0.03
Headup Games,2013.0,0.03
UFO Interactive,2007.0,0.03
JVC,1997.0,0.03
Irem Software Engineering,2011.0,0.03
Intergrow,2015.0,0.03
Tomy Corporation,2009.0,0.03
Just Flight,2010.0,0.03
TopWare Interactive,2011.0,0.03
Idea Factory,2005.0,0.03
HuneX,2015.0,0.03
Tru Blu Entertainment,2014.0,0.03
KID,1998.0,0.03
Hudson Soft,1998.0,0.03
KSS,1996.0,0.03
Kamui,2010.0,0.03
Her Interactive,2011.0,0.03
Kando Games,2006.0,0.03
Irem Software Engineering,1998.0,0.03
Success,2006.0,0.03
GN Software,2008.0,0.03
Asgard,2011.0,0.03
Wanadoo,2003.0,0.03
Cave,2009.0,0.03
CDV Software Entertainment,2011.0,0.03
BushiRoad,2012.0,0.03
Broccoli,2008.0,0.03
Broccoli,2006.0,0.03
Blue Byte,2001.0,0.03
Big Fish Games,2014.0,0.03
Berkeley,2001.0,0.03
Xicat Interactive,2003.0,0.03
Yeti,2009.0,0.03
Comfort,2010.0,0.03
Yuke's,2005.0,0.03
Yuke's,2006.0,0.03
Arc System Works,2012.0,0.03
Angel Studios,1995.0,0.03
Agetec,1997.0,0.03
Agatsuma Entertainment,2013.0,0.03
ASK,1996.0,0.03
bitComposer Games,2009.0,0.03
dramatic create,2016.0,0.03
id Software,1992.0,0.03
ChunSoft,2006.0,0.03
Compile,1998.0,0.03
G.Rev,2010.0,0.03
Extreme Entertainment Group,2015.0,0.03
Funcom,2010.0,0.03
Fuji,1995.0,0.03
FuRyu Corporation,2015.0,0.03
From Software,2010.0,0.03
Focus Multimedia,2012.0,0.03
Focus Home Interactive,2007.0,0.03
Focus Home Interactive,2006.0,0.03
Unknown,2004.0,0.03
Fields,2012.0,0.03
Falcom Corporation,2013.0,0.03
Lexicon Entertainment,2007.0,0.03
Conspiracy Entertainment,2002.0,0.03
Encore,2001.0,0.03
ValuSoft,2008.0,0.03
Empire Interactive,1998.0,0.03
ESP,2002.0,0.03
Daedalic Entertainment,2012.0,0.03
Cygames,2015.0,0.03
CyberFront,2013.0,0.03
CyberFront,2012.0,0.03
Culture Brain,1994.0,0.03
Creative Core,2009.0,0.03
Valcon Games,2006.0,0.03
Tryfirst,2008.0,0.03
Midas Interactive Entertainment,2008.0,0.03
Office Create,2013.0,0.03
Princess Soft,2006.0,0.03
Midas Interactive Entertainment,2006.0,0.03
Number None,2009.0,0.03
Rocket Company,2016.0,0.03
Maximum Family Games,2012.0,0.03
Maxis,1988.0,0.03
Nordic Games,2016.0,0.03
TDK Core,2007.0,0.03
Rondomedia,2015.0,0.03
Media Works,2006.0,0.03
Sweets,2009.0,0.03
Russel,2009.0,0.03
Slitherine Software,2009.0,0.03
Shogakukan,2015.0,0.03
Nexon,2010.0,0.03
Marvelous Interactive,2003.0,0.03
Paradox Interactive,2007.0,0.03
Mad Catz,2006.0,0.03
Strategy First,2001.0,0.03
Sunsoft,1995.0,0.03
Phenomedia,2008.0,0.03
Sting,2006.0,0.03
Mamba Games,2008.0,0.03
Office Create,2014.0,0.03
Paon Corporation,2013.0,0.03
Sting,2010.0,0.03
Sunflowers,2004.0,0.03
RED Entertainment,2010.0,0.02
Prototype,2015.0,0.02
CyberFront,2011.0,0.02
CyberFront,2009.0,0.02
Compile Heart,2016.0,0.02
CyberFront,2007.0,0.02
Visco,2011.0,0.02
Culture Brain,2010.0,0.02
Quintet,1998.0,0.02
Quinrose,2014.0,0.02
Culture Brain,2008.0,0.02
Crimson Cow,2008.0,0.02
Vivendi Games,1995.0,0.02
Quinrose,2013.0,0.02
Princess Soft,2008.0,0.02
Deep Silver,2007.0,0.02
Princess Soft,2002.0,0.02
Dorart,2008.0,0.02
Paradox Interactive,2012.0,0.02
Encore,2003.0,0.02
Paradox Interactive,2014.0,0.02
Empire Interactive,1999.0,0.02
Phoenix Games,2007.0,0.02
Edia,2009.0,0.02
Lexicon Entertainment,2008.0,0.02
DreamCatcher Interactive,2005.0,0.02
DreamCatcher Interactive,2004.0,0.02
Devolver Digital,2015.0,0.02
DTP Entertainment,2007.0,0.02
Devolver Digital,2010.0,0.02
PlayV,2009.0,0.02
"Destination Software, Inc",2002.0,0.02
Comfort,2013.0,0.02
Victor Interactive,2002.0,0.02
Datam Polystar,2002.0,0.02
Plenty,2011.0,0.02
Daedalic,2010.0,0.02
Views,2012.0,0.02
Compile,1996.0,0.02
Lighthouse Interactive,2007.0,0.02
Comfort,2012.0,0.02
Starfish,2010.0,0.02
ArtDink,2010.0,0.02
Sweets,2006.0,0.02
Sonnet,1996.0,0.02
Yeti,2016.0,0.02
Starfish,2009.0,0.02
Yuke's,2007.0,0.02
Arika,2008.0,0.02
Arika,2002.0,0.02
Zenrin,2007.0,0.02
Starfish,2012.0,0.02
Asgard,2015.0,0.02
Alvion,2010.0,0.02
Alvion,2009.0,0.02
Alternative Software,2015.0,0.02
Aksys Games,2008.0,0.02
Sunrise Interactive,2007.0,0.02
Sunrise Interactive,2006.0,0.02
Aerosoft,2013.0,0.02
fonfun,2008.0,0.02
Success,1999.0,0.02
Sold Out,2016.0,0.02
Aspyr,2003.0,0.02
Codemasters Online,2008.0,0.02
Big Fish Games,2008.0,0.02
Coconuts Japan,1996.0,0.02
Revolution (Japan),2009.0,0.02
Rising Star Games,2016.0,0.02
Wanadoo,2005.0,0.02
Warashi,2007.0,0.02
Cave,2012.0,0.02
CTO SpA,1997.0,0.02
Broccoli,2010.0,0.02
Blast! Entertainment Ltd,2008.0,0.02
Big Ben Interactive,2013.0,0.02
Astragon,2016.0,0.02
Big Ben Interactive,2008.0,0.02
System Soft,2010.0,0.02
System Soft,2008.0,0.02
XS Games,2007.0,0.02
SNK Playmore,2006.0,0.02
Saurus,1998.0,0.02
Athena,1999.0,0.02
Screenlife,2016.0,0.02
Atari,2016.0,0.02
Encore,2005.0,0.02
10TACLE Studios,2006.0,0.02
Midas Interactive Entertainment,1997.0,0.02
Masque Publishing,2011.0,0.02
Jaleco,1999.0,0.02
Hasbro Interactive,2006.0,0.02
JoWood Productions,2002.0,0.02
Mumbo Jumbo,2006.0,0.02
Mastertronic,2006.0,0.02
Hamster Corporation,2006.0,0.02
Mycom,1985.0,0.02
Mirai Shounen,2008.0,0.02
Gust,2011.0,0.02
Kadokawa Games,2012.0,0.02
Neko Entertainment,2009.0,0.02
NetRevo,2010.0,0.02
Kadokawa Shoten,2006.0,0.02
Graphsim Entertainment,2005.0,0.02
Misawa,1994.0,0.02
Mindscape,2000.0,0.02
Giza10,2012.0,0.02
Iceberg Interactive,2012.0,0.02
Interchannel,2008.0,0.02
Imageworks,1995.0,0.02
Micro Cabin,1994.0,0.02
Introversion Software,2016.0,0.02
Tommo,2009.0,0.02
Technos Japan Corporation,1995.0,0.02
IE Institute,2012.0,0.02
JVC,1999.0,0.02
Irem Software Engineering,2012.0,0.02
Media Works,2007.0,0.02
Titus,2003.0,0.02
Minato Station,2008.0,0.02
Minato Station,2012.0,0.02
Hudson Entertainment,2006.0,0.02
Takara Tomy,2011.0,0.02
Kadokawa Shoten,2004.0,0.02
Giga,2014.0,0.02
Telegames,2005.0,0.02
Unknown,2009.0,0.02
Taito,2010.0,0.02
Paon,2011.0,0.02
Paon,2010.0,0.02
MC2 Entertainment,2005.0,0.02
Focus Multimedia,2015.0,0.02
O3 Entertainment,2006.0,0.02
Telegames,1999.0,0.02
O-Games,2009.0,0.02
NovaLogic,2009.0,0.02
MTO,2010.0,0.02
Funsta,2006.0,0.02
Tomy Corporation,2006.0,0.02
King Records,2002.0,0.02
Kemco,2005.0,0.02
Kalypso Media,2012.0,0.02
Gaga,1996.0,0.02
GOA,2008.0,0.02
Karin Entertainment,2010.0,0.02
Marvelous Games,2015.0,0.02
Mamba Games,2010.0,0.02
Success,2009.0,0.01
Michaelsoft,2006.0,0.01
Aqua Plus,2007.0,0.01
"Interworks Unlimited, Inc.",2012.0,0.01
Inti Creates,2016.0,0.01
Liquid Games,2006.0,0.01
Mentor Interactive,2011.0,0.01
Aspyr,2007.0,0.01
Success,2000.0,0.01
1C Company,2009.0,0.01
Kaga Create,2013.0,0.01
Success,2014.0,0.01
Interplay,1993.0,0.01
Alawar Entertainment,2015.0,0.01
Asgard,2012.0,0.01
7G//AMES,2010.0,0.01
Mastertronic,2012.0,0.01
MTO,2008.0,0.01
Ascaron Entertainment,2012.0,0.01
Yeti,2006.0,0.01
Yeti,2007.0,0.01
ASCII Media Works,2011.0,0.01
Interchannel-Holon,2007.0,0.01
Kalypso Media,2007.0,0.01
Media Entertainment,2002.0,0.01
Marvelous Entertainment,2016.0,0.01
Yeti,2012.0,0.01
Aerosoft,2010.0,0.01
Stainless Games,2016.0,0.01
ASCII Media Works,2014.0,0.01
Experience Inc.,2016.0,0.01
Avanquest Software,2013.0,0.01
G.Rev,2009.0,0.01
New World Computing,1992.0,0.01
Prototype,2013.0,0.01
Genterprise,2009.0,0.01
NewKidCo,2001.0,0.01
Views,2014.0,0.01
PopCap Games,2006.0,0.01
GN Software,2010.0,0.01
Nitroplus,2014.0,0.01
GN Software,2006.0,0.01
Datam Polystar,2007.0,0.01
Nitroplus,2015.0,0.01
Funbox Media,2015.0,0.01
NetRevo,2012.0,0.01
Dorart,2010.0,0.01
FuRyu,2010.0,0.01
EON Digital Entertainment,1999.0,0.01
Ongakukan,2006.0,0.01
ValuSoft,2011.0,0.01
Otomate,2013.0,0.01
Valcon Games,2010.0,0.01
Paradox Development,2016.0,0.01
Taito,2003.0,0.01
Enterbrain,2007.0,0.01
Epic Games,2016.0,0.01
Prototype,2016.0,0.01
Gust,1996.0,0.01
Big Ben Interactive,2011.0,0.01
Rocket Company,2008.0,0.01
Idea Factory,2017.0,0.01
Takuyo,2011.0,0.01
System Soft,2011.0,0.01
Black Bean Games,2005.0,0.01
TopWare Interactive,2015.0,0.01
Microprose,1997.0,0.01
Boost On,2013.0,0.01
Russel,2008.0,0.01
Trion Worlds,2012.0,0.01
Experience Inc.,2014.0,0.01
CDV Software Entertainment,2005.0,0.01
TGL,2009.0,0.01
Naxat Soft,2008.0,0.01
Cave,2013.0,0.01
Hudson Entertainment,2008.0,0.01
Minato Station,2015.0,0.01
Rebellion,2002.0,0.01
Rain Games,2015.0,0.01
Moss,2013.0,0.01
Commseed,2008.0,0.01
UFO Interactive,2012.0,0.01
Compile Heart,2009.0,0.01
UIG Entertainment,2016.0,0.01
Hackberry,2010.0,0.01
Piacci,2010.0,0.01
